{
  "Hà Nội": {
    "name": "Hà Nội",
    "id": 1581130,
    "state": "",
    "country": "Việt Nam",
    "coord": {
      "lon": 105.841171,
      "lat": 21.0245
    }
  },
  "TP. Hồ Chí Minh": {
    "name": "TP. Hồ Chí Minh",
    "id": 1566083,
    "state": "",
    "country": "Việt Nam",
    "coord": {
      "lon": 106.666672,
      "lat": 10.75
    }
  },
  "Đà Nẵng": {
    "name": "Đà Nẵng",
    "id": 1583992,
    "state": "",
    "country": "Việt Nam",
    "coord": {
      "lon": 108.220833,
      "lat": 16.067783
    }
  },
  "Hải Phòng": {
    "name": "Hải Phòng",
    "id": 1581298,
    "state": "",
    "country": "Việt Nam",
    "coord": {
      "lon": 106.68222,
      "lat": 20.864811
    }
  },
  "Cần Thơ": {
    "name": "Cần Thơ",
    "id": 1586203,
    "state": "",
    "country": "Việt Nam",
    "coord": {
      "lon": 105.783333,
      "lat": 10.033333
    }
  },
  "Thừa Thiên Huế": {
    "name": "Thừa Thiên Huế",
    "id": 1580240,
    "state": "",
    "country": "Việt Nam",
    "coord": {
      "lon": 107.584999,
      "lat": 16.463711
    }
  },
  "Quảng Bình": {
    "name": "Quảng Bình",
    "id": 1565033,
    "state": "",
    "country": "Việt Nam",
    "coord": {
      "lon": 106.6223,
      "lat": 17.4688
    }
  },
  "Quảng Nam": {
    "name": "Quảng Nam",
    "id": 1568769,
    "state": "",
    "country": "Việt Nam",
    "coord": {
      "lon": 108.474,
      "lat": 15.5736
    }
  },
  "Bình Định": {
    "name": "Bình Định",
    "id": 1594446,
    "state": "",
    "country": "Việt Nam",
    "coord": {
      "lon": 109.2195,
      "lat": 14.1665
    }
  },
  "Phú Yên": {
    "name": "Phú Yên",
    "id": 1562414,
    "state": "",
    "country": "Việt Nam",
    "coord": {
      "lon": 109.0914,
      "lat": 13.0882
    }
  },
  "Ninh Thuận": {
    "name": "Ninh Thuận",
    "id": 1579634,
    "state": "",
    "country": "Việt Nam",
    "coord": {
      "lon": 108.9833,
      "lat": 11.75
    }
  },
  "Bình Thuận": {
    "name": "Bình Thuận",
    "id": 1594445,
    "state": "",
    "country": "Việt Nam",
    "coord": {
      "lon": 108.1,
      "lat": 11.0833
    }
  },
  "Đắk Nông": {
    "name": "Đắk Nông",
    "id": 1584169,
    "state": "",
    "country": "Việt Nam",
    "coord": {
      "lon": 107.6883,
      "lat": 12.1505
    }
  },
  "Gia Lai": {
    "name": "Gia Lai",
    "id": 1581047,
    "state": "",
    "country": "Việt Nam",
    "coord": {
      "lon": 108.0,
      "lat": 13.9833
    }
  },
  "Kon Tum": {
    "name": "Kon Tum",
    "id": 1578500,
    "state": "",
    "country": "Việt Nam",
    "coord": {
      "lon": 107.9985,
      "lat": 14.3545
    }
  },
  "Tây Ninh": {
    "name": "Tây Ninh",
    "id": 1567069,
    "state": "",
    "country": "Việt Nam",
    "coord": {
      "lon": 106.1099,
      "lat": 11.31
    }
  },
  "Bình Dương": {
    "name": "Bình Dương",
    "id": 1594444,
    "state": "",
    "country": "Việt Nam",
    "coord": {
      "lon": 106.6527,
      "lat": 11.173
    }
  },
  "Bình Phước": {
    "name": "Bình Phước",
    "id": 1594443,
    "state": "",
    "country": "Việt Nam",
    "coord": {
      "lon": 106.9167,
      "lat": 11.75
    }
  },
  "Bà Rịa - Vũng Tàu": {
    "name": "Bà Rịa - Vũng Tàu",
    "id": 1591527,
    "state": "",
    "country": "Việt Nam",
    "coord": {
      "lon": 107.242998,
      "lat": 10.34599
    }
  },
  "Long An": {
    "name": "Long An",
    "id": 1575788,
    "state": "",
    "country": "Việt Nam",
    "coord": {
      "lon": 106.1667,
      "lat": 10.7
    }
  },
  "Tiền Giang": {
    "name": "Tiền Giang",
    "id": 1563281,
    "state": "",
    "country": "Việt Nam",
    "coord": {
      "lon": 106.3333,
      "lat": 10.3667
    }
  },
  "Bến Tre": {
    "name": "Bến Tre",
    "id": 1594442,
    "state": "",
    "country": "Việt Nam",
    "coord": {
      "lon": 106.375,
      "lat": 10.2333
    }
  },
  "Trà Vinh": {
    "name": "Trà Vinh",
    "id": 1566166,
    "state": "",
    "country": "Việt Nam",
    "coord": {
      "lon": 106.3333,
      "lat": 9.9333
    }
  },
  "Vĩnh Long": {
    "name": "Vĩnh Long",
    "id": 1562410,
    "state": "",
    "country": "Việt Nam",
    "coord": {
      "lon": 106.0,
      "lat": 10.25
    }
  },
  "Kiên Giang": {
    "name": "Kiên Giang",
    "id": 1584534,
    "state": "",
    "country": "Việt Nam",
    "coord": {
      "lon": 105.1667,
      "lat": 10.0
    }
  },
  "Hậu Giang": {
    "name": "Hậu Giang",
    "id": 1584819,
    "state": "",
    "country": "Việt Nam",
    "coord": {
      "lon": 105.4667,
      "lat": 9.7833
    }
  },
  "Sóc Trăng": {
    "name": "Sóc Trăng",
    "id": 1567788,
    "state": "",
    "country": "Việt Nam",
    "coord": {
      "lon": 105.9804,
      "lat": 9.602
    }
  },
  "Bạc Liêu": {
    "name": "Bạc Liêu",
    "id": 1591474,
    "state": "",
    "country": "Việt Nam",
    "coord": {
      "lon": 105.7244,
      "lat": 9.2941
    }
  },
  "Bắc Ninh": {
    "name": "Bắc Ninh",
    "id": 1591449,
    "state": "",
    "country": "Việt Nam",
    "coord": {
      "lon": 106.05,
      "lat": 21.1833
    }
  },
  "Bắc Giang": {
    "name": "Bắc Giang",
    "id": 1591527,
    "state": "",
    "country": "Việt Nam",
    "coord": {
      "lon": 106.1955,
      "lat": 21.2731
    }
  },
  "Thái Nguyên": {
    "name": "Thái Nguyên",
    "id": 1566319,
    "state": "",
    "country": "Việt Nam",
    "coord": {
      "lon": 105.8442,
      "lat": 21.5942
    }
  },
  "Hòa Bình": {
    "name": "Hòa Bình",
    "id": 1580830,
    "state": "",
    "country": "Việt Nam",
    "coord": {
      "lon": 105.3383,
      "lat": 20.8172
    }
  },
  "Yên Bái": {
    "name": "Yên Bái",
    "id": 1560349,
    "state": "",
    "country": "Việt Nam",
    "coord": {
      "lon": 104.8667,
      "lat": 21.7
    }
  },
  "Hà Giang": {
    "name": "Hà Giang",
    "id": 1581047,
    "state": "",
    "country": "Việt Nam",
    "coord": {
      "lon": 104.9833,
      "lat": 22.8333
    }
  },
  "Cao Bằng": {
    "name": "Cao Bằng",
    "id": 1586182,
    "state": "",
    "country": "Việt Nam",
    "coord": {
      "lon": 106.25,
      "lat": 22.6667
    }
  },
  "Lạng Sơn": {
    "name": "Lạng Sơn",
    "id": 1576633,
    "state": "",
    "country": "Việt Nam",
    "coord": {
      "lon": 106.7333,
      "lat": 21.8333
    }
  },
  "Sơn La": {
    "name": "Sơn La",
    "id": 1567681,
    "state": "",
    "country": "Việt Nam",
    "coord": {
      "lon": 103.9,
      "lat": 21.3167
    }
  },
  "Beijing": {
    "name": "Bắc Kinh",
    "id": 1816670,
    "state": "",
    "country": "Trung Quốc",
    "coord": {
      "lon": 116.3972,
      "lat": 39.9075
    }
  },
  "Shanghai": {
    "name": "Thượng Hải",
    "id": 1796236,
    "state": "",
    "country": "Trung Quốc",
    "coord": {
      "lon": 121.4581,
      "lat": 31.2222
    }
  },
  "Guangzhou": {
    "name": "Quảng Châu",
    "id": 1809858,
    "state": "",
    "country": "Trung Quốc",
    "coord": {
      "lon": 113.25,
      "lat": 23.1167
    }
  },
  "Shenzhen": {
    "name": "Thâm Quyến",
    "id": 1795565,
    "state": "",
    "country": "Trung Quốc",
    "coord": {
      "lon": 114.0683,
      "lat": 22.5455
    }
  },
  "Chengdu": {
    "name": "Thành Đô",
    "id": 1815286,
    "state": "",
    "country": "Trung Quốc",
    "coord": {
      "lon": 104.0667,
      "lat": 30.6667
    }
  },
  "Wuhan": {
    "name": "Vũ Hán",
    "id": 1791247,
    "state": "",
    "country": "Trung Quốc",
    "coord": {
      "lon": 114.2667,
      "lat": 30.5833
    }
  },
  "Xian": {
    "name": "Tây An",
    "id": 1790630,
    "state": "",
    "country": "Trung Quốc",
    "coord": {
      "lon": 108.9286,
      "lat": 34.2583
    }
  },
  "Nanjing": {
    "name": "Nam Kinh",
    "id": 1799962,
    "state": "",
    "country": "Trung Quốc",
    "coord": {
      "lon": 118.7778,
      "lat": 32.0617
    }
  },
  "Chongqing": {
    "name": "Trùng Khánh",
    "id": 1814906,
    "state": "",
    "country": "Trung Quốc",
    "coord": {
      "lon": 106.5528,
      "lat": 29.5628
    }
  },
  "Hangzhou": {
    "name": "Hàng Châu",
    "id": 1808926,
    "state": "",
    "country": "Trung Quốc",
    "coord": {
      "lon": 120.1614,
      "lat": 30.2936
    }
  },
  "Tianjin": {
    "name": "Thiên Tân",
    "id": 1792947,
    "state": "",
    "country": "Trung Quốc",
    "coord": {
      "lon": 117.1767,
      "lat": 39.1422
    }
  },
  "Qingdao": {
    "name": "Thanh Đảo",
    "id": 1797929,
    "state": "",
    "country": "Trung Quốc",
    "coord": {
      "lon": 120.3219,
      "lat": 36.0669
    }
  },
  "Dalian": {
    "name": "Đại Liên",
    "id": 1814087,
    "state": "",
    "country": "Trung Quốc",
    "coord": {
      "lon": 121.6,
      "lat": 38.9122
    }
  },
  "Tokyo": {
    "name": "Tokyo",
    "id": 1850147,
    "state": "",
    "country": "Nhật Bản",
    "coord": {
      "lon": 139.6917,
      "lat": 35.6895
    }
  },
  "Osaka": {
    "name": "Osaka",
    "id": 1853909,
    "state": "",
    "country": "Nhật Bản",
    "coord": {
      "lon": 135.5022,
      "lat": 34.6939
    }
  },
  "Kyoto": {
    "name": "Kyoto",
    "id": 1857910,
    "state": "",
    "country": "Nhật Bản",
    "coord": {
      "lon": 135.7681,
      "lat": 35.0116
    }
  },
  "Nagoya": {
    "name": "Nagoya",
    "id": 1856057,
    "state": "",
    "country": "Nhật Bản",
    "coord": {
      "lon": 136.9064,
      "lat": 35.1815
    }
  },
  "Fukuoka": {
    "name": "Fukuoka",
    "id": 1863967,
    "state": "",
    "country": "Nhật Bản",
    "coord": {
      "lon": 130.4181,
      "lat": 33.6064
    }
  },
  "Sapporo": {
    "name": "Sapporo",
    "id": 2128295,
    "state": "",
    "country": "Nhật Bản",
    "coord": {
      "lon": 141.35,
      "lat": 43.0667
    }
  },
  "Yokohama": {
    "name": "Yokohama",
    "id": 1848354,
    "state": "",
    "country": "Nhật Bản",
    "coord": {
      "lon": 139.6425,
      "lat": 35.4478
    }
  },
  "Kobe": {
    "name": "Kobe",
    "id": 1859171,
    "state": "",
    "country": "Nhật Bản",
    "coord": {
      "lon": 135.183,
      "lat": 34.6913
    }
  },
  "Hiroshima": {
    "name": "Hiroshima",
    "id": 1862415,
    "state": "",
    "country": "Nhật Bản",
    "coord": {
      "lon": 132.4553,
      "lat": 34.3853
    }
  },
  "Seoul": {
    "name": "Seoul",
    "id": 1835848,
    "state": "",
    "country": "Hàn Quốc",
    "coord": {
      "lon": 126.978,
      "lat": 37.5665
    }
  },
  "Busan": {
    "name": "Busan",
    "id": 1838524,
    "state": "",
    "country": "Hàn Quốc",
    "coord": {
      "lon": 129.0403,
      "lat": 35.1028
    }
  },
  "Incheon": {
    "name": "Incheon",
    "id": 1843561,
    "state": "",
    "country": "Hàn Quốc",
    "coord": {
      "lon": 126.7052,
      "lat": 37.4565
    }
  },
  "Daegu": {
    "name": "Daegu",
    "id": 1835327,
    "state": "",
    "country": "Hàn Quốc",
    "coord": {
      "lon": 128.6014,
      "lat": 35.8703
    }
  },
  "Daejeon": {
    "name": "Daejeon",
    "id": 1835235,
    "state": "",
    "country": "Hàn Quốc",
    "coord": {
      "lon": 127.3849,
      "lat": 36.3494
    }
  },
  "Gwangju": {
    "name": "Gwangju",
    "id": 1841811,
    "state": "",
    "country": "Hàn Quốc",
    "coord": {
      "lon": 126.9156,
      "lat": 35.1595
    }
  },
  "Ulsan": {
    "name": "Ulsan",
    "id": 1833742,
    "state": "",
    "country": "Hàn Quốc",
    "coord": {
      "lon": 129.3167,
      "lat": 35.5372
    }
  },
  "London": {
    "name": "London",
    "id": 2643743,
    "state": "",
    "country": "Anh",
    "coord": {
      "lon": -0.1257,
      "lat": 51.5085
    }
  },
  "Manchester": {
    "name": "Manchester",
    "id": 2643123,
    "state": "",
    "country": "Anh",
    "coord": {
      "lon": -2.2374,
      "lat": 53.4809
    }
  },
  "Birmingham": {
    "name": "Birmingham",
    "id": 2655603,
    "state": "",
    "country": "Anh",
    "coord": {
      "lon": -1.8998,
      "lat": 52.4814
    }
  },
  "Liverpool": {
    "name": "Liverpool",
    "id": 2644210,
    "state": "",
    "country": "Anh",
    "coord": {
      "lon": -2.9779,
      "lat": 53.4106
    }
  },
  "Leeds": {
    "name": "Leeds",
    "id": 2644688,
    "state": "",
    "country": "Anh",
    "coord": {
      "lon": -1.5491,
      "lat": 53.7965
    }
  },
  "Edinburgh": {
    "name": "Edinburgh - Scotland",
    "id": 2650225,
    "state": "",
    "country": "Anh",
    "coord": {
      "lon": -3.1965,
      "lat": 55.9521
    }
  },
  "Glasgow": {
    "name": "Glasgow - Scotland",
    "id": 2648579,
    "state": "",
    "country": "Anh",
    "coord": {
      "lon": -4.2576,
      "lat": 55.8652
    }
  },
  "Paris": {
    "name": "Paris",
    "id": 2988507,
    "state": "",
    "country": "Pháp",
    "coord": {
      "lon": 2.3488,
      "lat": 48.8534
    }
  },
  "Marseille": {
    "name": "Marseille",
    "id": 2995469,
    "state": "",
    "country": "Pháp",
    "coord": {
      "lon": 5.4044,
      "lat": 43.2965
    }
  },
  "Lyon": {
    "name": "Lyon",
    "id": 2996944,
    "state": "",
    "country": "Pháp",
    "coord": {
      "lon": 4.85,
      "lat": 45.75
    }
  },
  "Toulouse": {
    "name": "Toulouse",
    "id": 2972315,
    "state": "",
    "country": "Pháp",
    "coord": {
      "lon": 1.4442,
      "lat": 43.6043
    }
  },
  "Nice": {
    "name": "Nice",
    "id": 2990440,
    "state": "",
    "country": "Pháp",
    "coord": {
      "lon": 7.2661,
      "lat": 43.7031
    }
  },
  "Berlin": {
    "name": "Berlin",
    "id": 2950159,
    "state": "",
    "country": "Đức",
    "coord": {
      "lon": 13.4105,
      "lat": 52.5244
    }
  },
  "Munich": {
    "name": "Munich",
    "id": 2867714,
    "state": "",
    "country": "Đức",
    "coord": {
      "lon": 11.5755,
      "lat": 48.1374
    }
  },
  "Frankfurt": {
    "name": "Frankfurt",
    "id": 2925533,
    "state": "",
    "country": "Đức",
    "coord": {
      "lon": 8.6842,
      "lat": 50.1155
    }
  },
  "Hamburg": {
    "name": "Hamburg",
    "id": 2911298,
    "state": "",
    "country": "Đức",
    "coord": {
      "lon": 10.0153,
      "lat": 53.5753
    }
  },
  "Cologne": {
    "name": "Cologne",
    "id": 2886242,
    "state": "",
    "country": "Đức",
    "coord": {
      "lon": 6.955,
      "lat": 50.9333
    }
  },
  "Dusseldorf": {
    "name": "Düsseldorf",
    "id": 2934246,
    "state": "",
    "country": "Đức",
    "coord": {
      "lon": 6.7762,
      "lat": 51.2217
    }
  },
  "Rome": {
    "name": "Rome",
    "id": 3169070,
    "state": "",
    "country": "Ý",
    "coord": {
      "lon": 12.4839,
      "lat": 41.8947
    }
  },
  "Milan": {
    "name": "Milan",
    "id": 3173435,
    "state": "",
    "country": "Ý",
    "coord": {
      "lon": 9.1895,
      "lat": 45.4643
    }
  },
  "Naples": {
    "name": "Naples",
    "id": 3172394,
    "state": "",
    "country": "Ý",
    "coord": {
      "lon": 14.2681,
      "lat": 40.8522
    }
  },
  "Turin": {
    "name": "Turin",
    "id": 3165524,
    "state": "",
    "country": "Ý",
    "coord": {
      "lon": 7.6868,
      "lat": 45.0703
    }
  },
  "Florence": {
    "name": "Florence",
    "id": 3176959,
    "state": "",
    "country": "Ý",
    "coord": {
      "lon": 11.25,
      "lat": 43.7833
    }
  },
  "Venice": {
    "name": "Venice",
    "id": 3164603,
    "state": "",
    "country": "Ý",
    "coord": {
      "lon": 12.3267,
      "lat": 45.4386
    }
  },
  "Madrid": {
    "name": "Madrid",
    "id": 3117735,
    "state": "",
    "country": "Tây Ban Nha",
    "coord": {
      "lon": -3.7026,
      "lat": 40.4165
    }
  },
  "Barcelona": {
    "name": "Barcelona",
    "id": 3128760,
    "state": "",
    "country": "Tây Ban Nha",
    "coord": {
      "lon": 2.15899,
      "lat": 41.3888
    }
  },
  "Valencia": {
    "name": "Valencia",
    "id": 2509954,
    "state": "",
    "country": "Tây Ban Nha",
    "coord": {
      "lon": -0.3774,
      "lat": 39.4698
    }
  },
  "Seville": {
    "name": "Seville",
    "id": 2510911,
    "state": "",
    "country": "Tây Ban Nha",
    "coord": {
      "lon": -5.9732,
      "lat": 37.3828
    }
  },
  "Bilbao": {
    "name": "Bilbao",
    "id": 3128026,
    "state": "",
    "country": "Tây Ban Nha",
    "coord": {
      "lon": -2.93499,
      "lat": 43.2627
    }
  },
  "Moscow": {
    "name": "Mát-xcơ-va",
    "id": 524901,
    "state": "",
    "country": "Nga",
    "coord": {
      "lon": 37.6156,
      "lat": 55.7522
    }
  },
  "Saint-petersburg": {
    "name": "Xanh Pê-téc-bua",
    "id": 498817,
    "state": "",
    "country": "Nga",
    "coord": {
      "lon": 30.2642,
      "lat": 59.8944
    }
  },
  "Novosibirsk": {
    "name": "Novosibirsk",
    "id": 1496747,
    "state": "",
    "country": "Nga",
    "coord": {
      "lon": 82.9344,
      "lat": 55.0415
    }
  },
  "Amsterdam": {
    "name": "Amsterdam",
    "id": 2759794,
    "state": "",
    "country": "Hà Lan",
    "coord": {
      "lon": 4.8897,
      "lat": 52.374
    }
  },
  "Rotterdam": {
    "name": "Rotterdam",
    "id": 2747891,
    "state": "",
    "country": "Hà Lan",
    "coord": {
      "lon": 4.4792,
      "lat": 51.9225
    }
  },
  "The-Hague": {
    "name": "The Hague",
    "id": 2747373,
    "state": "",
    "country": "Hà Lan",
    "coord": {
      "lon": 4.3007,
      "lat": 52.0705
    }
  },
  "Stockholm": {
    "name": "Stockholm",
    "id": 2673730,
    "state": "",
    "country": "Thuỵ Điển",
    "coord": {
      "lon": 18.0649,
      "lat": 59.3326
    }
  },
  "Gothenburg": {
    "name": "Gothenburg",
    "id": 2711537,
    "state": "",
    "country": "Thuỵ Điển",
    "coord": {
      "lon": 11.9668,
      "lat": 57.7072
    }
  },
  "Malmo": {
    "name": "Malmö",
    "id": 2692969,
    "state": "",
    "country": "Thuỵ Điển",
    "coord": {
      "lon": 13.0038,
      "lat": 55.6059
    }
  },
  "New-York": {
    "name": "New York",
    "id": 5128581,
    "state": "",
    "country": "Mỹ",
    "coord": {
      "lon": -74.006,
      "lat": 40.7143
    }
  },
  "Los-Angeles": {
    "name": "Los Angeles",
    "id": 5368361,
    "state": "",
    "country": "Mỹ",
    "coord": {
      "lon": -118.2437,
      "lat": 34.0522
    }
  },
  "Chicago": {
    "name": "Chicago",
    "id": 4887398,
    "state": "",
    "country": "Mỹ",
    "coord": {
      "lon": -87.6501,
      "lat": 41.85
    }
  },
  "Houston": {
    "name": "Houston",
    "id": 4699066,
    "state": "",
    "country": "Mỹ",
    "coord": {
      "lon": -95.3633,
      "lat": 29.7633
    }
  },
  "San-Francisco": {
    "name": "San Francisco",
    "id": 5391959,
    "state": "",
    "country": "Mỹ",
    "coord": {
      "lon": -122.4194,
      "lat": 37.7749
    }
  },
  "Seattle": {
    "name": "Seattle",
    "id": 5809844,
    "state": "",
    "country": "Mỹ",
    "coord": {
      "lon": -122.3321,
      "lat": 47.6062
    }
  },
  "Miami": {
    "name": "Miami",
    "id": 4164138,
    "state": "",
    "country": "Mỹ",
    "coord": {
      "lon": -80.1937,
      "lat": 25.7743
    }
  },
  "Washington-DC": {
    "name": "Washington D.C.",
    "id": 4140963,
    "state": "",
    "country": "Mỹ",
    "coord": {
      "lon": -77.0369,
      "lat": 38.8951
    }
  },
  "Boston": {
    "name": "Boston",
    "id": 4930956,
    "state": "",
    "country": "Mỹ",
    "coord": {
      "lon": -71.0598,
      "lat": 42.3584
    }
  },
  "Toronto": {
    "name": "Toronto",
    "id": 6167865,
    "state": "",
    "country": "Canada",
    "coord": {
      "lon": -79.4163,
      "lat": 43.7001
    }
  },
  "Vancouver": {
    "name": "Vancouver",
    "id": 6173331,
    "state": "",
    "country": "Canada",
    "coord": {
      "lon": -123.1193,
      "lat": 49.2497
    }
  },
  "Montreal": {
    "name": "Montreal",
    "id": 6077243,
    "state": "",
    "country": "Canada",
    "coord": {
      "lon": -73.5878,
      "lat": 45.5088
    }
  },
  "Sao-Paulo": {
    "name": "São Paulo",
    "id": 3448439,
    "state": "",
    "country": "Brazil",
    "coord": {
      "lon": -46.6361,
      "lat": -23.5475
    }
  },
  "Rio-de-Janeiro": {
    "name": "Rio de Janeiro",
    "id": 3451190,
    "state": "",
    "country": "Brazil",
    "coord": {
      "lon": -43.2075,
      "lat": -22.9028
    }
  },
  "Buenos-Aires": {
    "name": "Buenos Aires",
    "id": 3435910,
    "state": "",
    "country": "Argentina",
    "coord": {
      "lon": -58.3772,
      "lat": -34.6132
    }
  },
  "Lima": {
    "name": "Lima",
    "id": 3936456,
    "state": "",
    "country": "Peru",
    "coord": {
      "lon": -77.0282,
      "lat": -12.0432
    }
  },
  "Bogota": {
    "name": "Bogotá",
    "id": 3688689,
    "state": "",
    "country": "Colombia",
    "coord": {
      "lon": -74.0817,
      "lat": 4.6097
    }
  },
  "Santiago": {
    "name": "Santiago",
    "id": 3871336,
    "state": "",
    "country": "Chile",
    "coord": {
      "lon": -70.6483,
      "lat": -33.4569
    }
  },
  "Sydney": {
    "name": "Sydney",
    "id": 2147714,
    "state": "",
    "country": "Úc",
    "coord": {
      "lon": 151.2073,
      "lat": -33.8679
    }
  },
  "Melbourne": {
    "name": "Melbourne",
    "id": 2158177,
    "state": "",
    "country": "Úc",
    "coord": {
      "lon": 144.9633,
      "lat": -37.8139
    }
  },
  "Brisbane": {
    "name": "Brisbane",
    "id": 2174003,
    "state": "",
    "country": "Úc",
    "coord": {
      "lon": 153.0281,
      "lat": -27.4679
    }
  },
  "Perth": {
    "name": "Perth",
    "id": 2063523,
    "state": "",
    "country": "Úc",
    "coord": {
      "lon": 115.8572,
      "lat": -31.9522
    }
  },
  "Auckland": {
    "name": "Auckland",
    "id": 2193733,
    "state": "",
    "country": "New Zealand",
    "coord": {
      "lon": 174.7633,
      "lat": -36.8485
    }
  },
  "Wellington": {
    "name": "Wellington",
    "id": 2179537,
    "state": "",
    "country": "New Zealand",
    "coord": {
      "lon": 174.7756,
      "lat": -41.2866
    }
  }
}